Label,# Samples,Average,Min,Max,Std. Dev.,Error %,Throughput,Received KB/sec,Sent KB/sec,Avg. Bytes
GetEmployees,540,184,140,705,37.97,0.000%,4.59149,233.87,1.25,52157.1
AddEmployee,540,77,54,249,18.52,0.000%,4.60221,3.89,1.69,866.0
EditEmployee,537,80,62,286,15.15,0.000%,4.60648,3.92,1.88,872.0
DeleteEmployee,523,74,50,328,18.14,0.000%,4.52869,2.40,1.49,542.0
TOTAL,2140,104,50,705,52.47,0.000%,17.97791,241.07,6.20,13730.9
