{
  "DeleteEmployee" : {
    "transaction" : "DeleteEmployee",
    "sampleCount" : 523,
    "errorCount" : 0,
    "errorPct" : 0.0,
    "meanResTime" : 74.93499043977062,
    "medianResTime" : 73.0,
    "minResTime" : 50.0,
    "maxResTime" : 328.0,
    "pct1ResTime" : 84.0,
    "pct2ResTime" : 92.0,
    "pct3ResTime" : 154.9599999999998,
    "throughput" : 4.528687459951855,
    "receivedKBytesPerSec" : 2.3970201204042048,
    "sentKBytesPerSec" : 1.494820665491921
  },
  "AddEmployee" : {
    "transaction" : "AddEmployee",
    "sampleCount" : 540,
    "errorCount" : 0,
    "errorPct" : 0.0,
    "meanResTime" : 77.12592592592591,
    "medianResTime" : 74.0,
    "minResTime" : 54.0,
    "maxResTime" : 249.0,
    "pct1ResTime" : 85.0,
    "pct2ResTime" : 93.94999999999993,
    "pct3ResTime" : 193.13000000000022,
    "throughput" : 4.602207355009162,
    "receivedKBytesPerSec" : 3.8921011420292326,
    "sentKBytesPerSec" : 1.6943673562875528
  },
  "Total" : {
    "transaction" : "Total",
    "sampleCount" : 2140,
    "errorCount" : 0,
    "errorPct" : 0.0,
    "meanResTime" : 104.64859813084107,
    "medianResTime" : 78.0,
    "minResTime" : 50.0,
    "maxResTime" : 705.0,
    "pct1ResTime" : 180.0,
    "pct2ResTime" : 196.0,
    "pct3ResTime" : 262.9500000000007,
    "throughput" : 17.97790565799975,
    "receivedKBytesPerSec" : 241.06776958982653,
    "sentKBytesPerSec" : 6.19795385810896
  },
  "GetEmployees" : {
    "transaction" : "GetEmployees",
    "sampleCount" : 540,
    "errorCount" : 0,
    "errorPct" : 0.0,
    "meanResTime" : 184.6462962962964,
    "medianResTime" : 175.0,
    "minResTime" : 140.0,
    "maxResTime" : 705.0,
    "pct1ResTime" : 216.90000000000003,
    "pct2ResTime" : 250.94999999999993,
    "pct3ResTime" : 317.6200000000006,
    "throughput" : 4.591485345509272,
    "receivedKBytesPerSec" : 233.86569852222195,
    "sentKBytesPerSec" : 1.2510004017549679
  },
  "EditEmployee" : {
    "transaction" : "EditEmployee",
    "sampleCount" : 537,
    "errorCount" : 0,
    "errorPct" : 0.0,
    "meanResTime" : 80.81936685288638,
    "medianResTime" : 78.0,
    "minResTime" : 62.0,
    "maxResTime" : 286.0,
    "pct1ResTime" : 90.0,
    "pct2ResTime" : 97.09999999999997,
    "pct3ResTime" : 132.96000000000004,
    "throughput" : 4.606476517263564,
    "receivedKBytesPerSec" : 3.922702659232254,
    "sentKBytesPerSec" : 1.8803781095861034
  }
}