{
  "DeleteEmployee" : {
    "transaction" : "DeleteEmployee",
    "sampleCount" : 526,
    "errorCount" : 0,
    "errorPct" : 0.0,
    "meanResTime" : 72.36501901140694,
    "medianResTime" : 71.0,
    "minResTime" : 48.0,
    "maxResTime" : 179.0,
    "pct1ResTime" : 82.0,
    "pct2ResTime" : 88.0,
    "pct3ResTime" : 145.30000000000018,
    "throughput" : 4.55103912509301,
    "receivedKBytesPerSec" : 2.4088507869144644,
    "sentKBytesPerSec" : 1.5021984612123414
  },
  "AddEmployee" : {
    "transaction" : "AddEmployee",
    "sampleCount" : 540,
    "errorCount" : 0,
    "errorPct" : 0.0,
    "meanResTime" : 73.35185185185182,
    "medianResTime" : 71.5,
    "minResTime" : 50.0,
    "maxResTime" : 170.0,
    "pct1ResTime" : 84.0,
    "pct2ResTime" : 91.0,
    "pct3ResTime" : 127.59000000000003,
    "throughput" : 4.616844643177757,
    "receivedKBytesPerSec" : 3.9044799423749392,
    "sentKBytesPerSec" : 1.699756279763686
  },
  "Total" : {
    "transaction" : "Total",
    "sampleCount" : 2141,
    "errorCount" : 0,
    "errorPct" : 0.0,
    "meanResTime" : 102.57076132648311,
    "medianResTime" : 77.0,
    "minResTime" : 48.0,
    "maxResTime" : 489.0,
    "pct1ResTime" : 182.0,
    "pct2ResTime" : 198.0,
    "pct3ResTime" : 262.15999999999985,
    "throughput" : 17.982680855710196,
    "receivedKBytesPerSec" : 274.05792506236406,
    "sentKBytesPerSec" : 6.198164486725069
  },
  "GetEmployees" : {
    "transaction" : "GetEmployees",
    "sampleCount" : 540,
    "errorCount" : 0,
    "errorPct" : 0.0,
    "meanResTime" : 185.05185185185184,
    "medianResTime" : 176.0,
    "minResTime" : 146.0,
    "maxResTime" : 489.0,
    "pct1ResTime" : 217.0,
    "pct2ResTime" : 246.94999999999993,
    "pct3ResTime" : 346.9000000000003,
    "throughput" : 4.607429907339466,
    "receivedKBytesPerSec" : 268.2410429749492,
    "sentKBytesPerSec" : 1.255344672019249
  },
  "EditEmployee" : {
    "transaction" : "EditEmployee",
    "sampleCount" : 535,
    "errorCount" : 0,
    "errorPct" : 0.0,
    "meanResTime" : 78.50841121495328,
    "medianResTime" : 76.0,
    "minResTime" : 60.0,
    "maxResTime" : 342.0,
    "pct1ResTime" : 88.0,
    "pct2ResTime" : 93.0,
    "pct3ResTime" : 133.19999999999993,
    "throughput" : 4.58920207929455,
    "receivedKBytesPerSec" : 3.9079923956492646,
    "sentKBytesPerSec" : 1.8733266300245328
  }
}