{
  "DeleteEmployee" : {
    "transaction" : "DeleteEmployee",
    "sampleCount" : 120,
    "errorCount" : 0,
    "errorPct" : 0.0,
    "meanResTime" : 114.32499999999996,
    "medianResTime" : 115.0,
    "minResTime" : 64.0,
    "maxResTime" : 212.0,
    "pct1ResTime" : 142.0,
    "pct2ResTime" : 154.95,
    "pct3ResTime" : 203.59999999999968,
    "throughput" : 2.3573785950023574,
    "receivedKBytesPerSec" : 1.2477531235266384,
    "sentKBytesPerSec" : 0.7781191065535125
  },
  "AddEmployee" : {
    "transaction" : "AddEmployee",
    "sampleCount" : 120,
    "errorCount" : 0,
    "errorPct" : 0.0,
    "meanResTime" : 115.25833333333335,
    "medianResTime" : 108.0,
    "minResTime" : 67.0,
    "maxResTime" : 329.0,
    "pct1ResTime" : 145.9,
    "pct2ResTime" : 282.1999999999989,
    "pct3ResTime" : 326.26999999999987,
    "throughput" : 2.3407326493192366,
    "receivedKBytesPerSec" : 1.9795649163188078,
    "sentKBytesPerSec" : 0.8617736413997582
  },
  "Total" : {
    "transaction" : "Total",
    "sampleCount" : 490,
    "errorCount" : 0,
    "errorPct" : 0.0,
    "meanResTime" : 206.76122448979604,
    "medianResTime" : 131.0,
    "minResTime" : 64.0,
    "maxResTime" : 3425.0,
    "pct1ResTime" : 243.0,
    "pct2ResTime" : 289.45,
    "pct3ResTime" : 3136.419999999999,
    "throughput" : 8.302270416807861,
    "receivedKBytesPerSec" : 109.94849468400541,
    "sentKBytesPerSec" : 2.84976888131142
  },
  "GetEmployees" : {
    "transaction" : "GetEmployees",
    "sampleCount" : 130,
    "errorCount" : 0,
    "errorPct" : 0.0,
    "meanResTime" : 452.9923076923078,
    "medianResTime" : 225.5,
    "minResTime" : 164.0,
    "maxResTime" : 3425.0,
    "pct1ResTime" : 348.70000000000005,
    "pct2ResTime" : 3096.7499999999995,
    "pct3ResTime" : 3410.74,
    "throughput" : 2.2026431718061676,
    "receivedKBytesPerSec" : 105.42142758810571,
    "sentKBytesPerSec" : 0.6001342235682819
  },
  "EditEmployee" : {
    "transaction" : "EditEmployee",
    "sampleCount" : 120,
    "errorCount" : 0,
    "errorPct" : 0.0,
    "meanResTime" : 123.94999999999997,
    "medianResTime" : 126.0,
    "minResTime" : 69.0,
    "maxResTime" : 236.0,
    "pct1ResTime" : 166.8,
    "pct2ResTime" : 177.89999999999998,
    "pct3ResTime" : 234.94999999999996,
    "throughput" : 2.3499001292445074,
    "receivedKBytesPerSec" : 2.0010868288097754,
    "sentKBytesPerSec" : 0.9592365761955116
  }
}